Part 4 queires

1.
one_to_many_assignment=# SELECT title FROM articles WHERE author_id = (SELECT id FROM authors WHERE name = 'Kara Melton');


title
--------------------------------------------------------------------------------------------------
How Tech Business Models Come From Marginalized Communities, But Startups Are Still Mostly White
Confronting the Assumption of Whiteness in Virtual Spaces
(2 rows)


2.
one_to_many_assignment=# SELECT name  FROM cities WHERE province_id = (SELECT id FROM provinces WHERE name = 'Ontario');
  name
---------
 Toronto
 Ottawa
(2 rows)

3.
one_to_many_assignment=# SELECT name FROM authors WHERE id  = (SELECT author_id  FROM articles WHERE title = 'Coding Bootcamps and Emotional Labor')
one_to_many_assignment-# ;
       name
-------------------
 Tilde Ann Thurium
(1 row)

4.
one_to_many_assignment=# SELECT COUNT(id) FROM provinces WHERE country_id = (SELECT id FROM countries WHERE name = 'Canada');
 count
-------
    14
(1 row)

5.
one_to_many_assignment=# SELECT COUNT(id) FROM persons WHERE residence_id = (SELECT id FROM residences WHERE address = '4740 McDermott Street');
 count
-------
     2
(1 row)

6.
one_to_many_assignment=# SELECT name FROM cities WHERE id = (SELECT id FROM residences WHERE address = '4740 McDermott Street');
   name
----------
 Montreal
(1 row)

7.
one_to_many_assignment=# SELECT name FROM provinces WHERE id = (SELECT province_id  FROM cities WHERE id = (SELECT id FROM residences WHERE address = '4740 McDermott Street'));
  name
--------
 Quebec
(1 row)

8.
one_to_many_assignment=# SELECT name FROM countries WHERE id  = (SELECT country_id FROM provinces WHERE id = (SELECT province_id  FROM cities WHERE id = (SELECT id FROM residences WHERE address = '4740 McDermott Street')));
  name
--------
 Canada
(1 row)


9.
one_to_many_assignment=# SELECT name FROM countries WHERE id = (SELECT country_id FROM provinces WHERE id = (SELECT province_id FROM cities  WHERE id = (SELECT city_id FROM residences WHERE id = (SELECT id FROM persons WHERE name = 'Destini Davis'))));
  name
--------
 Canada
(1 row)

10.
one_to_many_assignment=# SELECT COUNT(id) FROM articles WHERE id = (SELECT author_id  FROM authors WHERE name = 'Aditya Mukerjee');
 count
-------
     3
(1 row)
